Year,MakeDate,Population,GrowthRate,Growth,Month,Housetype,Active listing,Sales,Benchmark price,Change,Average day on market,Births,Deaths,Immigrants,Emigrants,Returning emigrants,Net temporary emigration,Net interprovincial migration,Net intraprovincial migration,Net non-permanent residents,Previous year listing,Previous year sales,Previous years Benchmark price,Previous year average day
2022,5/1/2022,,,,5,D,4337,793,2093600,-0.02131638,19,,,,,,,,,,4769,1430,1800600,19
2022,5/1/2022,,,,5,T,1463,520,1141200,-0.008083442,14,,,,,,,,,,1488,800,936300,16
2022,5/1/2022,,,,5,A,4210,1605,779700,-0.076950397,16,,,,,,,,,,4713,2049,737100,19
2022,4/1/2022,,,,4,D,3806,962,2139200,0.009723402,21,,,,,,,,,,4426,1655,1755500,17
2022,4/1/2022,,,,4,T,1228,578,1150500,0.010717737,13,,,,,,,,,,1378,964,900900,18
2022,4/1/2022,,,,4,A,3762,1692,844700,0.01101137,17,,,,,,,,,,4441,2289,729600,24
2022,3/1/2022,,,,3,D,3330,1291,2118600,0.036091549,22,,,,,,,,,,3713,1965,1700200,27
2022,3/1/2022,,,,3,T,1013,743,1138300,0.044311927,12,,,,,,,,,,1309,1046,872200,19
2022,3/1/2022,,,,3,A,3285,2310,835500,0.034162644,16,,,,,,,,,,4123,2697,715800,28
2022,2/1/2022,,,,2,D,2890,1010,2044800,0.041670912,24,,,,,,,,,,2948,1231,1621200,39
2022,2/1/2022,,,,2,T,871,560,1090000,0.058766391,14,,,,,,,,,,1192,737,839800,22
2022,2/1/2022,,,,2,A,2981,1854,807900,0.041510893,19,,,,,,,,,,4218,1759,697500,33
2022,1/1/2022,,,,1,D,2341,622,1963000,0.027641085,44,,,,,,,,,,2809,740,1576800,51
2022,1/1/2022,,,,1,T,675,348,1029500,0.024480048,21,,,,,,,,,,1206,454,815800,34
2022,1/1/2022,,,,1,A,2647,1315,775700,0.018246259,30,,,,,,,,,,4291,1195,680800,44
2021,12/1/2021,2606351,0.0098,25272,12,D,2260,794,1910200,0.021497326,38,23583,17885,28002,4249,948,772,12764,-12248,-3480,2913,1026,1554600,50
2021,12/1/2021,2606351,0.0098,25272,12,T,569,430,1004900,0.014743007,24,23583,17885,28002,4249,948,772,12764,-12248,-3480,1176,593,813900,32
2021,12/1/2021,2606351,0.0098,25272,12,A,2407,1464,761800,0.011955367,29,23583,17885,28002,4249,948,772,12764,-12248,-3480,4449,1474,676500,40
2021,11/1/2021,2606351,0.0098,25272,11,D,2918,987,1870000,0.010537693,37,23583,17885,28002,4249,948,772,12764,-12248,-3480,3806,1061,1538900,42
2021,11/1/2021,2606351,0.0098,25272,11,T,825,613,990300,0.015692308,24,23583,17885,28002,4249,948,772,12764,-12248,-3480,1578,632,814800,35
2021,11/1/2021,2606351,0.0098,25272,11,A,3401,1828,752800,0.008574491,26,23583,17885,28002,4249,948,772,12764,-12248,-3480,5734,1371,676500,34
2021,10/1/2021,2606351,0.0098,25272,10,D,3244,1090,1850500,0.01219779,32,23583,17885,28002,4249,948,772,12764,-12248,-3480,4324,1335,1523800,38
2021,10/1/2021,2606351,0.0098,25272,10,T,936,603,975000,0.011620668,21,23583,17885,28002,4249,948,772,12764,-12248,-3480,1797,782,813000,29
2021,10/1/2021,2606351,0.0098,25272,10,A,3854,1801,746400,0.01056052,25,23583,17885,28002,4249,948,772,12764,-12248,-3480,6295,1570,683500,32
2021,9/1/2021,2606351,0.0098,25272,9,D,3729,950,1828200,0.011676166,33,23583,17885,28002,4249,948,772,12764,-12248,-3480,4647,1317,1507500,40
2021,9/1/2021,2606351,0.0098,25272,9,T,1089,578,963800,0.011757296,23,23583,17885,28002,4249,948,772,12764,-12248,-3480,2021,730,809900,33
2021,9/1/2021,2606351,0.0098,25272,9,A,4418,1621,738600,0.004761257,27,23583,17885,28002,4249,948,772,12764,-12248,-3480,6428,1596,683500,32
2021,8/1/2021,2606351,0.0098,25272,8,D,3736,945,1807100,0.003331298,35,23583,17885,28002,4249,948,772,12764,-12248,-3480,4614,1095,1491300,38
2021,8/1/2021,2606351,0.0098,25272,8,T,1113,576,952600,0.00337055,26,23583,17885,28002,4249,948,772,12764,-12248,-3480,2036,620,806400,34
2021,8/1/2021,2606351,0.0098,25272,8,A,4156,1631,735100,-0.002442665,28,23583,17885,28002,4249,948,772,12764,-12248,-3480,6153,1332,685800,32
2021,7/1/2021,2606351,0.0098,25272,7,D,4113,1050,1801100,0,30,23583,17885,28002,4249,948,772,12764,-12248,-3480,4460,1121,1477800,41
2021,7/1/2021,2606351,0.0098,25272,7,T,1276,610,949400,0.002640194,20,23583,17885,28002,4249,948,772,12764,-12248,-3480,1954,607,797700,33
2021,7/1/2021,2606351,0.0098,25272,7,A,4461,1666,736900,-0.000949024,24,23583,17885,28002,4249,948,772,12764,-12248,-3480,5669,1400,682500,31
2021,6/1/2021,2606351,0.0098,25272,6,D,4581,1262,1801100,0.000277685,23,23583,17885,28002,4249,948,772,12764,-12248,-3480,4360,866,1464200,45
2021,6/1/2021,2606351,0.0098,25272,6,T,1477,726,946900,0.011321158,16,23583,17885,28002,4249,948,772,12764,-12248,-3480,1872,472,790800,37
2021,6/1/2021,2606351,0.0098,25272,6,A,4781,1774,737600,0.000678334,21,23583,17885,28002,4249,948,772,12764,-12248,-3480,5192,1105,680800,32
2021,5/1/2021,2606351,0.0098,25272,5,D,4769,1430,1800600,0.025690686,19,23583,17885,28002,4249,948,772,12764,-12248,-3480,3949,534,1456700,45
2021,5/1/2021,2606351,0.0098,25272,5,T,1488,800,936300,0.039294039,16,23583,17885,28002,4249,948,772,12764,-12248,-3480,1576,298,792700,39
2021,5/1/2021,2606351,0.0098,25272,5,A,4713,2049,737100,0.010279605,19,23583,17885,28002,4249,948,772,12764,-12248,-3480,4402,653,686500,35
2021,4/1/2021,2606351,0.0098,25272,4,D,4426,1655,1755500,0.032525585,17,23583,17885,28002,4249,948,772,12764,-12248,-3480,3863,388,1462100,44
2021,4/1/2021,2606351,0.0098,25272,4,T,1378,964,900900,0.032905297,18,23583,17885,28002,4249,948,772,12764,-12248,-3480,1481,218,796800,32
2021,4/1/2021,2606351,0.0098,25272,4,A,4441,2289,729600,0.019279128,24,23583,17885,28002,4249,948,772,12764,-12248,-3480,4045,503,685500,29
2021,3/1/2021,2606351,0.0098,25272,3,D,3713,1965,1700200,0.048729336,27,23583,17885,28002,4249,948,772,12764,-12248,-3480,4031,852,1450700,43
2021,3/1/2021,2606351,0.0098,25272,3,T,1309,1046,872200,0.038580614,19,23583,17885,28002,4249,948,772,12764,-12248,-3480,1494,493,791800,30
2021,3/1/2021,2606351,0.0098,25272,3,A,4123,2697,715800,0.026236559,28,23583,17885,28002,4249,948,772,12764,-12248,-3480,4081,1179,687000,29
2021,2/1/2021,2606351,0.0098,25272,2,D,2948,1231,1621200,0.028158295,39,23583,17885,28002,4249,948,772,12764,-12248,-3480,3959,685,1433900,46
2021,2/1/2021,2606351,0.0098,25272,2,T,1192,737,839800,0.029418975,22,23583,17885,28002,4249,948,772,12764,-12248,-3480,1504,404,785000,32
2021,2/1/2021,2606351,0.0098,25272,2,A,4218,1759,697500,0.024529965,33,23583,17885,28002,4249,948,772,12764,-12248,-3480,3732,1061,677200,31
2021,1/1/2021,2606351,0.0098,25272,1,D,2809,740,1576800,0.014280201,51,23583,17885,28002,4249,948,772,12764,-12248,-3480,3799,439,1431200,69
2021,1/1/2021,2606351,0.0098,25272,1,T,1206,454,815800,0.002334439,34,23583,17885,28002,4249,948,772,12764,-12248,-3480,1407,318,782500,58
2021,1/1/2021,2606351,0.0098,25272,1,A,4291,1195,680800,0.006356245,44,23583,17885,28002,4249,948,772,12764,-12248,-3480,3411,814,663200,43
2020,12/1/2020,2581079,0.0099,25195,12,D,2913,1026,1554600,0.010202092,50,23866,16474,36449,5335,6108,2176,5008,-11148,904,3941,599,1423500,65
2020,12/1/2020,2581079,0.0099,25195,12,T,1176,593,813900,-0.001104566,32,23866,16474,36449,5335,6108,2176,5008,-11148,904,1418,364,778400,51
2020,12/1/2020,2581079,0.0099,25195,12,A,4449,1474,676500,0,40,23866,16474,36449,5335,6108,2176,5008,-11148,904,3244,1053,656700,48
2020,11/1/2020,2581079,0.0099,25195,11,D,3806,1061,1538900,0.009909437,42,23866,16474,36449,5335,6108,2176,5008,-11148,904,4786,825,1415400,57
2020,11/1/2020,2581079,0.0099,25195,11,T,1578,632,814800,0.002214022,35,23866,16474,36449,5335,6108,2176,5008,-11148,904,1812,451,772800,42
2020,11/1/2020,2581079,0.0099,25195,11,A,5734,1371,676500,-0.010241405,34,23866,16474,36449,5335,6108,2176,5008,-11148,904,4172,1222,651500,44
2020,10/1/2020,2581079,0.0099,25195,10,D,4324,1335,1523800,0.010812604,38,23866,16474,36449,5335,6108,2176,5008,-11148,904,5419,938,1410500,55
2020,10/1/2020,2581079,0.0099,25195,10,T,1797,782,813000,0.003827633,29,23866,16474,36449,5335,6108,2176,5008,-11148,904,2047,536,771600,43
2020,10/1/2020,2581079,0.0099,25195,10,A,6295,1570,683500,0,32,23866,16474,36449,5335,6108,2176,5008,-11148,904,4770,1384,652500,41
2020,9/1/2020,2581079,0.0099,25195,9,D,4647,1317,1507500,0.010863005,40,23866,16474,36449,5335,6108,2176,5008,-11148,904,5883,745,1406200,58
2020,9/1/2020,2581079,0.0099,25195,9,T,2021,730,809900,0.004340278,33,23866,16474,36449,5335,6108,2176,5008,-11148,904,2233,422,767500,45
2020,9/1/2020,2581079,0.0099,25195,9,A,6428,1596,683500,-0.003353747,32,23866,16474,36449,5335,6108,2176,5008,-11148,904,5323,1166,651500,43
2020,8/1/2020,2581079,0.0099,25195,8,D,4614,1095,1491300,0.009135201,38,23866,16474,36449,5335,6108,2176,5008,-11148,904,5904,706,1406700,55
2020,8/1/2020,2581079,0.0099,25195,8,T,2036,620,806400,0.010906356,34,23866,16474,36449,5335,6108,2176,5008,-11148,904,2223,409,771900,44
2020,8/1/2020,2581079,0.0099,25195,8,A,6153,1332,685800,0.004835165,32,23866,16474,36449,5335,6108,2176,5008,-11148,904,5269,1116,654000,42
2020,7/1/2020,2581079,0.0099,25195,7,D,4460,1121,1477800,0.009288349,41,23866,16474,36449,5335,6108,2176,5008,-11148,904,6218,841,1417000,48
2020,7/1/2020,2581079,0.0099,25195,7,T,1954,607,797700,0.008725341,33,23866,16474,36449,5335,6108,2176,5008,-11148,904,2369,473,770000,41
2020,7/1/2020,2581079,0.0099,25195,7,A,5669,1400,682500,0.002497062,31,23866,16474,36449,5335,6108,2176,5008,-11148,904,5653,1243,653200,37
2020,6/1/2020,2581079,0.0099,25195,6,D,4360,866,1464200,0.005148624,45,23866,16474,36449,5335,6108,2176,5008,-11148,904,6518,746,1423500,48
2020,6/1/2020,2581079,0.0099,25195,6,T,1872,472,790800,-0.002396871,37,23866,16474,36449,5335,6108,2176,5008,-11148,904,2470,390,774700,34
2020,6/1/2020,2581079,0.0099,25195,6,A,5192,1105,680800,-0.008302986,32,23866,16474,36449,5335,6108,2176,5008,-11148,904,5980,941,654700,36
2020,5/1/2020,2581079,0.0099,25195,5,D,3949,534,1456700,-0.003693318,45,23866,16474,36449,5335,6108,2176,5008,-11148,904,6416,913,1421900,45
2020,5/1/2020,2581079,0.0099,25195,5,T,1576,298,792700,-0.005145582,39,23866,16474,36449,5335,6108,2176,5008,-11148,904,2392,419,779400,36
2020,5/1/2020,2581079,0.0099,25195,5,A,4402,653,686500,0.001458789,35,23866,16474,36449,5335,6108,2176,5008,-11148,904,5877,1246,664200,34
2020,4/1/2020,2581079,0.0099,25195,4,D,3863,388,1462100,0.007858275,44,23866,16474,36449,5335,6108,2176,5008,-11148,904,6236,586,1437100,52
2020,4/1/2020,2581079,0.0099,25195,4,T,1481,218,796800,0.006314726,32,23866,16474,36449,5335,6108,2176,5008,-11148,904,2325,358,783300,33
2020,4/1/2020,2581079,0.0099,25195,4,A,4045,503,685500,-0.002183406,29,23866,16474,36449,5335,6108,2176,5008,-11148,904,5796,885,656900,33
2020,3/1/2020,2581079,0.0099,25195,3,D,4031,852,1450700,0.011716298,43,23866,16474,36449,5335,6108,2176,5008,-11148,904,5649,529,1437100,46
2020,3/1/2020,2581079,0.0099,25195,3,T,1494,493,791800,0.00866242,30,23866,16474,36449,5335,6108,2176,5008,-11148,904,2049,325,783600,39
2020,3/1/2020,2581079,0.0099,25195,3,A,4081,1179,687000,0.014471353,29,23866,16474,36449,5335,6108,2176,5008,-11148,904,5076,873,656900,37
2020,2/1/2020,2581079,0.0099,25195,2,D,3959,685,1433900,0.001886529,46,23866,16474,36449,5335,6108,2176,5008,-11148,904,5273,448,1443100,55
2020,2/1/2020,2581079,0.0099,25195,2,T,1504,404,785000,0.003194888,32,23866,16474,36449,5335,6108,2176,5008,-11148,904,1852,277,789300,39
2020,2/1/2020,2581079,0.0099,25195,2,A,3732,1061,677200,0.021109771,31,23866,16474,36449,5335,6108,2176,5008,-11148,904,4465,759,660300,40
2020,1/1/2020,2581079,0.0099,25195,1,D,3799,439,1431200,0.005409203,69,23866,16474,36449,5335,6108,2176,5008,-11148,904,4974,339,1453400,64
2020,1/1/2020,2581079,0.0099,25195,1,T,1407,318,782500,0.005267215,58,23866,16474,36449,5335,6108,2176,5008,-11148,904,1719,205,800600,52
2020,1/1/2020,2581079,0.0099,25195,1,A,3411,814,663200,0.009897975,43,23866,16474,36449,5335,6108,2176,5008,-11148,904,4115,559,658600,47
2019,12/1/2019,2555884,0.0099,25138,12,D,3941,599,1423500,0.005722764,65,23780,16132,34562,6842,4432,3924,3360,-11851,23306,4925,348,1479000,56
2019,12/1/2019,2555884,0.0099,25138,12,T,1418,364,778400,0.007246377,51,23780,16132,34562,6842,4432,3924,3360,-11851,23306,1579,189,809700,44
2019,12/1/2019,2555884,0.0099,25138,12,A,3244,1053,656700,0.007981581,48,23780,16132,34562,6842,4432,3924,3360,-11851,23306,3771,535,664100,41
2019,11/1/2019,2555884,0.0099,25138,11,D,4786,825,1415400,0.003473945,57,23780,16132,34562,6842,4432,3924,3360,-11851,23306,5787,516,1500100,55
2019,11/1/2019,2555884,0.0099,25138,11,T,1812,451,772800,0.00155521,42,23780,16132,34562,6842,4432,3924,3360,-11851,23306,1918,282,818500,40
2019,11/1/2019,2555884,0.0099,25138,11,A,4172,1222,651500,-0.001532567,44,23780,16132,34562,6842,4432,3924,3360,-11851,23306,4602,810,667800,34
2019,10/1/2019,2555884,0.0099,25138,10,D,5419,938,1410500,0.003057887,55,23780,16132,34562,6842,4432,3924,3360,-11851,23306,6208,637,1524000,53
2019,10/1/2019,2555884,0.0099,25138,10,T,2047,536,771600,0.00534202,43,23780,16132,34562,6842,4432,3924,3360,-11851,23306,1991,344,829200,32
2019,10/1/2019,2555884,0.0099,25138,10,A,4770,1384,652500,0.001534919,41,23780,16132,34562,6842,4432,3924,3360,-11851,23306,4785,985,683500,29
2019,9/1/2019,2555884,0.0099,25138,9,D,5883,745,1406200,-0.000355442,58,23780,16132,34562,6842,4432,3924,3360,-11851,23306,6504,508,1540900,53
2019,9/1/2019,2555884,0.0099,25138,9,T,2233,422,767500,-0.00570022,45,23780,16132,34562,6842,4432,3924,3360,-11851,23306,1963,275,837600,33
2019,9/1/2019,2555884,0.0099,25138,9,A,5323,1166,651500,-0.00382263,43,23780,16132,34562,6842,4432,3924,3360,-11851,23306,4617,812,687300,32
2019,8/1/2019,2555884,0.0099,25138,8,D,5904,706,1406700,-0.007268878,55,23780,16132,34562,6842,4432,3924,3360,-11851,23306,6225,567,1561000,54
2019,8/1/2019,2555884,0.0099,25138,8,T,2223,409,771900,0.002467532,44,23780,16132,34562,6842,4432,3924,3360,-11851,23306,1740,337,846000,31
2019,8/1/2019,2555884,0.0099,25138,8,A,5269,1116,654000,0.00122474,42,23780,16132,34562,6842,4432,3924,3360,-11851,23306,3859,1025,695500,29
2019,7/1/2019,2555884,0.0099,25138,7,D,6218,841,1417000,-0.00456621,48,23780,16132,34562,6842,4432,3924,3360,-11851,23306,6425,637,1588400,47
2019,7/1/2019,2555884,0.0099,25138,7,T,2369,473,770000,-0.006066865,41,23780,16132,34562,6842,4432,3924,3360,-11851,23306,1753,354,856000,27
2019,7/1/2019,2555884,0.0099,25138,7,A,5653,1243,653200,-0.002291126,37,23780,16132,34562,6842,4432,3924,3360,-11851,23306,3959,1079,700500,24
2019,6/1/2019,2555884,0.0099,25138,6,D,6518,746,1423500,0.001125255,48,23780,16132,34562,6842,4432,3924,3360,-11851,23306,6555,766,1598200,38
2019,6/1/2019,2555884,0.0099,25138,6,T,2470,390,774700,-0.00603028,34,23780,16132,34562,6842,4432,3924,3360,-11851,23306,1681,19,859800,22
2019,6/1/2019,2555884,0.0099,25138,6,A,5980,941,654700,-0.014302921,36,23780,16132,34562,6842,4432,3924,3360,-11851,23306,3711,120,704200,21
2019,5/1/2019,2555884,0.0099,25138,5,D,6416,913,1421900,-0.010576856,45,23780,16132,34562,6842,4432,3924,3360,-11851,23306,6316,926,1608000,38
2019,5/1/2019,2555884,0.0099,25138,5,T,2392,419,779400,-0.004978935,36,23780,16132,34562,6842,4432,3924,3360,-11851,23306,1544,476,859500,23
2019,5/1/2019,2555884,0.0099,25138,5,A,5877,1246,664200,0.011112803,34,23780,16132,34562,6842,4432,3924,3360,-11851,23306,3432,1431,701700,17
2019,4/1/2019,2555884,0.0099,25138,4,D,6236,586,1437100,0,52,23780,16132,34562,6842,4432,3924,3360,-11851,23306,5736,807,1605800,37
2019,4/1/2019,2555884,0.0099,25138,4,T,2325,358,783300,-0.000382848,33,23780,16132,34562,6842,4432,3924,3360,-11851,23306,1284,464,854200,23
2019,4/1/2019,2555884,0.0099,25138,4,A,5796,885,656900,0,33,23780,16132,34562,6842,4432,3924,3360,-11851,23306,2802,1308,701000,19
2019,3/1/2019,2555884,0.0099,25138,3,D,5649,529,1437100,-0.004157716,46,23780,16132,34562,6842,4432,3924,3360,-11851,23306,5072,722,1608500,40
2019,3/1/2019,2555884,0.0099,25138,3,T,2049,325,783600,-0.007221589,39,23780,16132,34562,6842,4432,3924,3360,-11851,23306,1118,446,835300,22
2019,3/1/2019,2555884,0.0099,25138,3,A,5076,873,656900,-0.005149175,37,23780,16132,34562,6842,4432,3924,3360,-11851,23306,2190,1349,693500,18
2019,2/1/2019,2555884,0.0099,25138,2,D,5273,448,1443100,-0.007086831,55,23780,16132,34562,6842,4432,3924,3360,-11851,23306,4700,621,1602000,44
2019,2/1/2019,2555884,0.0099,25138,2,T,1852,277,789300,-0.014114414,39,23780,16132,34562,6842,4432,3924,3360,-11851,23306,1066,401,819200,27
2019,2/1/2019,2555884,0.0099,25138,2,A,4465,759,660300,0.002581233,40,23780,16132,34562,6842,4432,3924,3360,-11851,23306,1986,1185,682800,20
2019,1/1/2019,2555884,0.0099,25138,1,D,4974,339,1453400,-0.017308993,64,23780,16132,34562,6842,4432,3924,3360,-11851,23306,4204,487,1601500,54
2019,1/1/2019,2555884,0.0099,25138,1,T,1719,205,800600,-0.01123873,52,23780,16132,34562,6842,4432,3924,3360,-11851,23306,974,319,803700,30
2019,1/1/2019,2555884,0.0099,25138,1,A,4115,559,658600,-0.008281885,47,23780,16132,34562,6842,4432,3924,3360,-11851,23306,1769,1012,665400,28
2018,12/1/2018,2530746,0.0127,31654,12,D,4925,348,1479000,-0.014065729,56,23993,16299,33295,7995,4360,3906,3769,-14440,18904,4275,617,1605800,51
2018,12/1/2018,2530746,0.0127,31654,12,T,1579,189,809700,-0.010751374,44,23993,16299,33295,7995,4360,3906,3769,-14440,18904,957,371,803700,24
2018,12/1/2018,2530746,0.0127,31654,12,A,3771,535,664100,-0.005540581,41,23993,16299,33295,7995,4360,3906,3769,-14440,18904,1726,1028,655400,21
2018,11/1/2018,2530746,0.0127,31654,11,D,5787,516,1500100,-0.015682415,55,23993,16299,33295,7995,4360,3906,3769,-14440,18904,5299,841,1608000,43
2018,11/1/2018,2530746,0.0127,31654,11,T,1918,282,818500,-0.012904004,40,23993,16299,33295,7995,4360,3906,3769,-14440,18904,1224,446,805200,23
2018,11/1/2018,2530746,0.0127,31654,11,A,4602,810,667800,-0.022970007,34,23993,16299,33295,7995,4360,3906,3769,-14440,18904,2224,1508,648200,20
2018,10/1/2018,2530746,0.0127,31654,10,D,6208,637,1524000,-0.010967616,53,23993,16299,33295,7995,4360,3906,3769,-14440,18904,5587,940,1609600,41
2018,10/1/2018,2530746,0.0127,31654,10,T,1991,344,829200,-0.010028653,32,23993,16299,33295,7995,4360,3906,3769,-14440,18904,1228,550,802400,27
2018,10/1/2018,2530746,0.0127,31654,10,A,4785,985,683500,-0.005528881,29,23993,16299,33295,7995,4360,3906,3769,-14440,18904,2322,1532,642000,20
2018,9/1/2018,2530746,0.0127,31654,9,D,6504,508,1540900,-0.012876361,53,23993,16299,33295,7995,4360,3906,3769,-14440,18904,5839,852,1617300,42
2018,9/1/2018,2530746,0.0127,31654,9,T,1963,275,837600,-0.009929078,33,23993,16299,33295,7995,4360,3906,3769,-14440,18904,1226,518,786600,24
2018,9/1/2018,2530746,0.0127,31654,9,A,4617,812,687300,-0.011790079,32,23993,16299,33295,7995,4360,3906,3769,-14440,18904,2401,1451,635800,22
2018,8/1/2018,2530746,0.0127,31654,8,D,6225,567,1561000,-0.017250063,54,23993,16299,33295,7995,4360,3906,3769,-14440,18904,5514,901,1615100,36
2018,8/1/2018,2530746,0.0127,31654,8,T,1740,337,846000,-0.011682243,31,23993,16299,33295,7995,4360,3906,3769,-14440,18904,1180,529,778300,20
2018,8/1/2018,2530746,0.0127,31654,8,A,3859,1025,695500,-0.007137759,29,23993,16299,33295,7995,4360,3906,3769,-14440,18904,2113,1613,626800,19
2018,7/1/2018,2530746,0.0127,31654,7,D,6425,637,1588400,-0.006131898,47,23993,16299,33295,7995,4360,3906,3769,-14440,18904,5618,949,1612400,35
2018,7/1/2018,2530746,0.0127,31654,7,T,1753,354,856000,-0.004419632,27,23993,16299,33295,7995,4360,3906,3769,-14440,18904,1210,543,763700,20
2018,7/1/2018,2530746,0.0127,31654,7,A,3959,1079,700500,-0.005254189,24,23993,16299,33295,7995,4360,3906,3769,-14440,18904,2366,1468,616600,17
2018,6/1/2018,2530746,0.0127,31654,6,D,6555,766,1598200,-0.006094527,38,23993,16299,33295,7995,4360,3906,3769,-14440,18904,5394,1320,1587900,30
2018,6/1/2018,2530746,0.0127,31654,6,T,1681,19,859800,0.00034904,22,23993,16299,33295,7995,4360,3906,3769,-14440,18904,1077,668,745700,21
2018,6/1/2018,2530746,0.0127,31654,6,A,3711,120,704200,0.003562776,21,23993,16299,33295,7995,4360,3906,3769,-14440,18904,2044,1905,600700,17
2018,5/1/2018,2530746,0.0127,31654,5,D,6316,926,1608000,0.001370034,38,23993,16299,33295,7995,4360,3906,3769,-14440,18904,4989,1548,1561000,33
2018,5/1/2018,2530746,0.0127,31654,5,T,1544,476,859500,0.006204636,23,23993,16299,33295,7995,4360,3906,3769,-14440,18904,1039,791,715400,23
2018,5/1/2018,2530746,0.0127,31654,5,A,3432,1431,701700,0.000998573,17,23993,16299,33295,7995,4360,3906,3769,-14440,18904,2140,2025,571300,19
2018,4/1/2018,2530746,0.0127,31654,4,D,5736,807,1605800,-0.001678583,37,23993,16299,33295,7995,4360,3906,3769,-14440,18904,4653,1211,1516500,40
2018,4/1/2018,2530746,0.0127,31654,4,T,1284,464,854200,0.022626601,23,23993,16299,33295,7995,4360,3906,3769,-14440,18904,1066,620,701800,24
2018,4/1/2018,2530746,0.0127,31654,4,A,2802,1308,701000,0.010814708,19,23993,16299,33295,7995,4360,3906,3769,-14440,18904,2094,1722,554100,19
2018,3/1/2018,2530746,0.0127,31654,3,D,5072,722,1608500,0.004057428,40,23993,16299,33295,7995,4360,3906,3769,-14440,18904,4404,1150,1489400,39
2018,3/1/2018,2530746,0.0127,31654,3,T,1118,446,835300,0.01965332,22,23993,16299,33295,7995,4360,3906,3769,-14440,18904,1018,588,685100,27
2018,3/1/2018,2530746,0.0127,31654,3,A,2190,1349,693500,0.015670767,18,23993,16299,33295,7995,4360,3906,3769,-14440,18904,2164,1841,537400,23
2018,2/1/2018,2530746,0.0127,31654,2,D,4700,621,1602000,0.000312207,44,23993,16299,33295,7995,4360,3906,3769,-14440,18904,4310,745,1474200,41
2018,2/1/2018,2530746,0.0127,31654,2,T,1066,401,819200,0.019285803,27,23993,16299,33295,7995,4360,3906,3769,-14440,18904,1031,404,675500,30
2018,2/1/2018,2530746,0.0127,31654,2,A,1986,1185,682800,0.026149684,20,23993,16299,33295,7995,4360,3906,3769,-14440,18904,2253,1275,526300,24
2018,1/1/2018,2530746,0.0127,31654,1,D,4204,487,1601500,-0.002677793,54,23993,16299,33295,7995,4360,3906,3769,-14440,18904,4118,444,1474800,58
2018,1/1/2018,2530746,0.0127,31654,1,T,974,319,803700,0,30,23993,16299,33295,7995,4360,3906,3769,-14440,18904,938,254,666500,43
2018,1/1/2018,2530746,0.0127,31654,1,A,1769,1012,665400,0.015257858,28,23993,16299,33295,7995,4360,3906,3769,-14440,18904,2182,825,512300,35
2017,12/1/2017,2499092,0.0127,31258,12,D,4275,617,1605800,-0.001368159,51,24544,16259,28023,8595,4647,3816,5717,-13099,13544,,,,
2017,12/1/2017,2499092,0.0127,31258,12,T,957,371,803700,-0.001862891,24,24544,16259,28023,8595,4647,3816,5717,-13099,13544,,,,
2017,12/1/2017,2499092,0.0127,31258,12,A,1726,1028,655400,0.011107683,21,24544,16259,28023,8595,4647,3816,5717,-13099,13544,,,,
2017,11/1/2017,2499092,0.0127,31258,11,D,5299,841,1608000,-0.000994036,43,24544,16259,28023,8595,4647,3816,5717,-13099,13544,,,,
2017,11/1/2017,2499092,0.0127,31258,11,T,1224,446,805200,0.003489531,23,24544,16259,28023,8595,4647,3816,5717,-13099,13544,,,,
2017,11/1/2017,2499092,0.0127,31258,11,A,2224,1508,648200,0.009657321,20,24544,16259,28023,8595,4647,3816,5717,-13099,13544,,,,
2017,10/1/2017,2499092,0.0127,31258,10,D,5587,940,1609600,-0.004761021,41,24544,16259,28023,8595,4647,3816,5717,-13099,13544,,,,
2017,10/1/2017,2499092,0.0127,31258,10,T,1228,550,802400,0.020086448,27,24544,16259,28023,8595,4647,3816,5717,-13099,13544,,,,
2017,10/1/2017,2499092,0.0127,31258,10,A,2322,1532,642000,0.009751494,20,24544,16259,28023,8595,4647,3816,5717,-13099,13544,,,,
2017,9/1/2017,2499092,0.0127,31258,9,D,5839,852,1617300,0.001362145,42,24544,16259,28023,8595,4647,3816,5717,-13099,13544,,,,
2017,9/1/2017,2499092,0.0127,31258,9,T,1226,518,786600,0.010664268,24,24544,16259,28023,8595,4647,3816,5717,-13099,13544,,,,
2017,9/1/2017,2499092,0.0127,31258,9,A,2401,1451,635800,0.014358647,22,24544,16259,28023,8595,4647,3816,5717,-13099,13544,,,,
2017,8/1/2017,2499092,0.0127,31258,8,D,5514,901,1615100,0.001674522,36,24544,16259,28023,8595,4647,3816,5717,-13099,13544,,,,
2017,8/1/2017,2499092,0.0127,31258,8,T,1180,529,778300,0.019117454,20,24544,16259,28023,8595,4647,3816,5717,-13099,13544,,,,
2017,8/1/2017,2499092,0.0127,31258,8,A,2113,1613,626800,0.016542329,19,24544,16259,28023,8595,4647,3816,5717,-13099,13544,,,,
2017,7/1/2017,2499092,0.0127,31258,7,D,5618,949,1612400,0.015429183,35,24544,16259,28023,8595,4647,3816,5717,-13099,13544,,,,
2017,7/1/2017,2499092,0.0127,31258,7,T,1210,543,763700,0.024138393,20,24544,16259,28023,8595,4647,3816,5717,-13099,13544,,,,
2017,7/1/2017,2499092,0.0127,31258,7,A,2366,1468,616600,0.026469119,17,24544,16259,28023,8595,4647,3816,5717,-13099,13544,,,,
2017,6/1/2017,2499092,0.0127,31258,6,D,5394,1320,1587900,0.017232543,30,24544,16259,28023,8595,4647,3816,5717,-13099,13544,,,,
2017,6/1/2017,2499092,0.0127,31258,6,T,1077,668,745700,0.042353928,21,24544,16259,28023,8595,4647,3816,5717,-13099,13544,,,,
2017,6/1/2017,2499092,0.0127,31258,6,A,2044,1905,600700,0.051461579,17,24544,16259,28023,8595,4647,3816,5717,-13099,13544,,,,
2017,5/1/2017,2499092,0.0127,31258,5,D,4989,1548,1561000,0.029343884,33,24544,16259,28023,8595,4647,3816,5717,-13099,13544,,,,
2017,5/1/2017,2499092,0.0127,31258,5,T,1039,791,715400,0.01937874,23,24544,16259,28023,8595,4647,3816,5717,-13099,13544,,,,
2017,5/1/2017,2499092,0.0127,31258,5,A,2140,2025,571300,0.031041328,19,24544,16259,28023,8595,4647,3816,5717,-13099,13544,,,,
2017,4/1/2017,2499092,0.0127,31258,4,D,4653,1211,1516500,0.018195246,40,24544,16259,28023,8595,4647,3816,5717,-13099,13544,,,,
2017,4/1/2017,2499092,0.0127,31258,4,T,1066,620,701800,0.024376004,24,24544,16259,28023,8595,4647,3816,5717,-13099,13544,,,,
2017,4/1/2017,2499092,0.0127,31258,4,A,2094,1722,554100,0.031075549,19,24544,16259,28023,8595,4647,3816,5717,-13099,13544,,,,
2017,3/1/2017,2499092,0.0127,31258,3,D,4404,1150,1489400,0.010310677,39,24544,16259,28023,8595,4647,3816,5717,-13099,13544,,,,
2017,3/1/2017,2499092,0.0127,31258,3,T,1018,588,685100,0.014211695,27,24544,16259,28023,8595,4647,3816,5717,-13099,13544,,,,
2017,3/1/2017,2499092,0.0127,31258,3,A,2164,1841,537400,0.021090633,23,24544,16259,28023,8595,4647,3816,5717,-13099,13544,,,,
2017,2/1/2017,2499092,0.0127,31258,2,D,4310,745,1474200,-0.000406835,41,24544,16259,28023,8595,4647,3816,5717,-13099,13544,,,,
2017,2/1/2017,2499092,0.0127,31258,2,T,1031,404,675500,0.013503376,30,24544,16259,28023,8595,4647,3816,5717,-13099,13544,,,,
2017,2/1/2017,2499092,0.0127,31258,2,A,2253,1275,526300,0.027327738,24,24544,16259,28023,8595,4647,3816,5717,-13099,13544,,,,
2017,1/1/2017,2499092,0.0127,31258,1,D,4118,444,1474800,0,58,24544,16259,28023,8595,4647,3816,5717,-13099,13544,,,,
2017,1/1/2017,2499092,0.0127,31258,1,T,938,254,666500,0,43,24544,16259,28023,8595,4647,3816,5717,-13099,13544,,,,
2017,1/1/2017,2499092,0.0127,31258,1,A,2182,825,512300,0,35,24544,16259,28023,8595,4647,3816,5717,-13099,13544,,,,
